country,country_code,year,report_period,oie_listed_disease,occurrence,serotype_s,new_outbreaks,total_outbreaks,species,control_measures,official_vaccination,measuring_units,susceptible,cases,deaths,killed_and_disposed_of,slaughtered,vaccination_in_response_to_the_outbreak_s,notes
Botswana,BWA,2010,Jan-Dec 2010,Rift Valley fever (Domestic),+,No,1,1,***,Qi Z T,...,Animals,...,...,...,...,...,...,NA
Botswana,BWA,2010,Jan-Dec 2010,Rift Valley fever (Domestic),NA,NA,NA,NA,bov,* Qf M Te GSu TSu V Cn,...,Animals,1127,21,3,0,0,13669,NA
Botswana,BWA,2010,Jan-Dec 2010,Rift Valley fever (Domestic),NA,NA,NA,NA,cap,* Qf M Te GSu TSu V Cn,...,Animals,1689,125,95,0,0,24544,NA
Botswana,BWA,2010,Jan-Dec 2010,Rift Valley fever (Domestic),NA,NA,NA,NA,cml,* Qf M Te GSu TSu Cn,NA,Animals,...,...,...,...,...,...,NA
Botswana,BWA,2010,Jan-Dec 2010,Rift Valley fever (Domestic),NA,NA,NA,NA,o/c,* Qf M Te GSu TSu V Cn,...,Animals,...,...,...,...,...,...,NA
Botswana,BWA,2010,Jan-Dec 2010,Rift Valley fever (Domestic),NA,NA,NA,NA,ovi,* Qf M Te GSu TSu V Cn,...,Animals,306,9,5,0,0,2603,NA
Botswana,BWA,2014,Jan-Dec 2014,Rift Valley fever (Domestic),+(),No,2,2,bov,* Qf M GSu TSu Qi Cn,NA,Animals,50,2,1,0,0,...,NA
Botswana,BWA,2014,Jan-Dec 2014,Rift Valley fever (Domestic),NA,NA,NA,NA,cap,* Qf M GSu TSu Qi Cn,NA,Animals,30,1,0,0,0,...,NA
Botswana,BWA,2014,Jan-Dec 2014,Rift Valley fever (Domestic),NA,NA,NA,NA,cml,* Qf M GSu TSu Qi,NA,Animals,...,...,...,...,...,...,NA
Botswana,BWA,2014,Jan-Dec 2014,Rift Valley fever (Domestic),NA,NA,NA,NA,o/c,* Qf M GSu TSu Qi Cn,NA,Animals,...,...,...,...,...,...,NA
Botswana,BWA,2014,Jan-Dec 2014,Rift Valley fever (Domestic),NA,NA,NA,NA,ovi,* Qf M GSu TSu Qi Cn,NA,Animals,...,...,...,...,...,...,NA
Botswana,BWA,2017,Jan-Dec 2017,Rift Valley fever (Domestic),+(),No,1,1,bov,* Qf M GSu TSu Qi Cn,NA,Animals,15,1,0,0,0,0,NA
Botswana,BWA,2017,Jan-Dec 2017,Rift Valley fever (Domestic),NA,NA,NA,NA,cap,* Qf M GSu TSu Qi Cn,NA,Animals,...,...,...,...,...,...,NA
Botswana,BWA,2017,Jan-Dec 2017,Rift Valley fever (Domestic),NA,NA,NA,NA,cml,* Qf M GSu TSu Qi,NA,Animals,...,...,...,...,...,...,NA
Botswana,BWA,2017,Jan-Dec 2017,Rift Valley fever (Domestic),NA,NA,NA,NA,o/c,* Qf M GSu Qi Cn,NA,Animals,...,...,...,...,...,...,NA
Botswana,BWA,2017,Jan-Dec 2017,Rift Valley fever (Domestic),NA,NA,NA,NA,ovi,* Qf M GSu TSu Qi Cn,NA,Animals,...,...,...,...,...,...,NA
Central African Republic,CAF,2007,Jan-Dec 2007,Rift Valley fever,+?,NA,...,...,***,*,...,Animals,...,...,...,...,...,...,NA
Central African Republic,CAF,2007,Jan-Dec 2007,Rift Valley fever,NA,NA,NA,NA,bov,Qf GSu,NA,Animals,...,...,...,...,...,...,NA
Central African Republic,CAF,2008,Jan-Dec 2008,Rift Valley fever,+?,NA,...,...,***,*,...,Animals,...,...,...,...,...,...,NA
Central African Republic,CAF,2008,Jan-Dec 2008,Rift Valley fever,NA,NA,NA,NA,bov,Qf GSu,NA,Animals,...,...,...,...,...,...,NA
Central African Republic,CAF,2011,Jan-Dec 2011,Rift Valley fever (Domestic),+,NA,...,...,bov,* Te GSu,NA,Animals,...,...,...,...,...,...,NA
Central African Republic,CAF,2011,Jan-Dec 2011,Rift Valley fever (Domestic),NA,NA,NA,NA,cap,* Te GSu,NA,Animals,...,...,...,...,...,...,NA
Central African Republic,CAF,2017,Jan-Dec 2017,Rift Valley fever (Domestic and Wild),?,NA,...,...,bov,* Te GSu,NA,Animals,NA,NA,NA,NA,NA,NA,NA
Central African Republic,CAF,2017,Jan-Dec 2017,Rift Valley fever (Domestic and Wild),NA,NA,NA,NA,cap,* Te GSu,NA,Animals,NA,NA,NA,NA,NA,NA,NA
Cameroon,CMR,2008,Jan-Dec 2008,Rift Valley fever,?,...,...,...,NA,NA,NA,Animals,...,...,...,...,...,...,NA
Cameroon,CMR,2009,Jan-Dec 2009,Rift Valley fever (Domestic),+?,...,...,...,NA,NA,NA,Animals,...,...,...,...,...,...,NA
Cameroon,CMR,2009,Jan-Dec 2009,Rift Valley fever (Wild),?,...,...,...,NA,NA,NA,Animals,...,...,...,...,...,...,NA
Cameroon,CMR,2010,Jan-Dec 2010,Rift Valley fever (Domestic and Wild),?,...,...,...,NA,NA,NA,Animals,...,...,...,...,...,...,NA
Cameroon,CMR,2011,Jan-Dec 2011,Rift Valley fever (Domestic),?,...,...,...,NA,NA,NA,Animals,...,...,...,...,...,...,NA
Congo (Dem. Rep. of the),COD,2007,Jan-Dec 2007,Rift Valley fever,+,NA,...,...,bov,* Qf GSu Qi Sp Z T,NA,Animals,...,...,...,...,...,...,NA
Congo (Dem. Rep. of the),COD,2007,Jan-Dec 2007,Rift Valley fever,NA,NA,NA,NA,cap,* Qf GSu T,NA,Animals,...,...,...,...,...,...,NA
Congo (Dem. Rep. of the),COD,2007,Jan-Dec 2007,Rift Valley fever,NA,NA,NA,NA,o/c,* Qf GSu T,NA,Animals,...,...,...,...,...,...,NA
Congo (Dem. Rep. of the),COD,2007,Jan-Dec 2007,Rift Valley fever,NA,NA,NA,NA,ovi,* Qf GSu T,NA,Animals,...,...,...,...,...,...,NA
Congo (Dem. Rep. of the),COD,2008,Jan-Dec 2008,Rift Valley fever,+(),NA,...,...,bov,* Qf GSu Qi Sp Z T,NA,Animals,...,...,...,...,...,...,NA
Congo (Dem. Rep. of the),COD,2008,Jan-Dec 2008,Rift Valley fever,NA,NA,NA,NA,cap,* Qf GSu T,NA,Animals,...,...,...,...,...,...,NA
Congo (Dem. Rep. of the),COD,2008,Jan-Dec 2008,Rift Valley fever,NA,NA,NA,NA,o/c,* Qf GSu T,NA,Animals,...,...,...,...,...,...,NA
Congo (Dem. Rep. of the),COD,2008,Jan-Dec 2008,Rift Valley fever,NA,NA,NA,NA,ovi,* Qf GSu T,NA,Animals,...,...,...,...,...,...,NA
Congo (Dem. Rep. of the),COD,2009,Jan-Dec 2009,Rift Valley fever (Domestic),+(),NA,...,...,bov,* Te,NA,Animals,...,...,...,...,...,...,NA
Congo (Dem. Rep. of the),COD,2010,Jan-Dec 2010,Rift Valley fever (Domestic),+(),NA,...,...,bov,* Te,NA,Animals,...,...,...,...,...,...,NA
Congo (Dem. Rep. of the),COD,2011,Jan-Dec 2011,Rift Valley fever (Domestic),+(),NA,...,...,bov,* Qf M Te,NA,Animals,...,...,...,...,...,...,NA
Congo (Dem. Rep. of the),COD,2011,Jan-Dec 2011,Rift Valley fever (Domestic),NA,NA,NA,NA,cap,* Qf M,NA,Animals,...,...,...,...,...,...,NA
Congo (Dem. Rep. of the),COD,2012,Jan-Dec 2012,Rift Valley fever (Domestic),+(),NA,...,...,bov,* Qf M Te,NA,Animals,...,...,...,...,...,...,NA
Congo (Dem. Rep. of the),COD,2012,Jan-Dec 2012,Rift Valley fever (Domestic),NA,NA,NA,NA,cap,* Qf M,NA,Animals,...,...,...,...,...,...,NA
Congo (Dem. Rep. of the),COD,2013,Jan-Dec 2013,Rift Valley fever (Domestic),+,NA,...,...,bov,* Qf M Te,NA,Animals,...,...,...,...,...,...,NA
Congo (Dem. Rep. of the),COD,2013,Jan-Dec 2013,Rift Valley fever (Domestic),NA,NA,NA,NA,cap,* Qf M,NA,Animals,...,...,...,...,...,...,NA
Congo (Dem. Rep. of the),COD,2015,Jan-Dec 2015,Rift Valley fever (Domestic),+(),No,4,4,bov,* Qf M GSu,NA,Animals,220,22,0,0,0,0,NA
Congo (Dem. Rep. of the),COD,2015,Jan-Dec 2015,Rift Valley fever (Domestic),NA,NA,NA,NA,buf,* Qf GSu,NA,Animals,...,...,...,...,...,...,NA
Congo (Dem. Rep. of the),COD,2015,Jan-Dec 2015,Rift Valley fever (Domestic),NA,NA,NA,NA,cap,* Qf M GSu,NA,Animals,...,...,...,...,...,...,NA
Congo (Dem. Rep. of the),COD,2015,Jan-Dec 2015,Rift Valley fever (Domestic),NA,NA,NA,NA,o/c,* Qf M GSu,NA,Animals,...,...,...,...,...,...,NA
Congo (Dem. Rep. of the),COD,2015,Jan-Dec 2015,Rift Valley fever (Domestic),NA,NA,NA,NA,ovi,* Qf M GSu,NA,Animals,...,...,...,...,...,...,NA
Congo (Dem. Rep. of the),COD,2016,Jan-Dec 2016,Rift Valley fever (Domestic),?(),NA,...,...,bov,* Qf TSu Qi,NA,Animals,...,...,...,...,...,...,NA
Congo (Dem. Rep. of the),COD,2016,Jan-Dec 2016,Rift Valley fever (Domestic),NA,NA,NA,NA,cap,TSu,NA,Animals,...,...,...,...,...,...,NA
Congo (Dem. Rep. of the),COD,2016,Jan-Dec 2016,Rift Valley fever (Domestic),NA,NA,NA,NA,o/c,TSu,NA,Animals,...,...,...,...,...,...,NA
Congo (Dem. Rep. of the),COD,2016,Jan-Dec 2016,Rift Valley fever (Domestic),NA,NA,NA,NA,ovi,TSu,NA,Animals,...,...,...,...,...,...,NA
Congo (Dem. Rep. of the),COD,2017,Jan-Dec 2017,Rift Valley fever (Domestic),?(),NA,...,...,bov,* Qf TSu,NA,Animals,...,...,...,...,...,...,NA
Congo (Dem. Rep. of the),COD,2017,Jan-Dec 2017,Rift Valley fever (Domestic),NA,NA,NA,NA,cap,TSu,NA,Animals,...,...,...,...,...,...,NA
Congo (Dem. Rep. of the),COD,2017,Jan-Dec 2017,Rift Valley fever (Domestic),NA,NA,NA,NA,o/c,TSu,NA,Animals,...,...,...,...,...,...,NA
Congo (Dem. Rep. of the),COD,2017,Jan-Dec 2017,Rift Valley fever (Domestic),NA,NA,NA,NA,ovi,TSu,NA,Animals,...,...,...,...,...,...,NA
Comoros,COM,2008,Jan-Dec 2008,Rift Valley fever,+?,No,...,...,bov,* M Te GSu TSu Qi,NA,Animals,144,50,0,0,0,0,NA
Comoros,COM,2008,Jan-Dec 2008,Rift Valley fever,NA,NA,NA,NA,cap,* M Te GSu TSu Qi,NA,Animals,...,...,...,...,...,...,NA
Comoros,COM,2009,Jan-Dec 2009,Rift Valley fever (Domestic),+?,No,...,...,bov,* Qf M Te TSu,NA,Animals,518,173,...,...,...,...,NA
Comoros,COM,2009,Jan-Dec 2009,Rift Valley fever (Domestic),NA,NA,NA,NA,cap,* Qf M Te TSu,NA,Animals,...,...,...,...,...,...,NA
Comoros,COM,2009,Jan-Dec 2009,Rift Valley fever (Domestic),NA,NA,NA,NA,ovi,* Qf M Te TSu,NA,Animals,...,...,...,...,...,...,NA
Comoros,COM,2009,Jan-Dec 2009,Rift Valley fever (Domestic),NA,NA,NA,NA,o/c,NA,NA,Animals,...,...,...,...,...,...,NA
Comoros,COM,2010,Jan-Dec 2010,Rift Valley fever (Domestic),+?,No,18,18,bov,* Qf M Te TSu,NA,Animals,561,16,0,0,0,0,NA
Comoros,COM,2010,Jan-Dec 2010,Rift Valley fever (Domestic),NA,NA,NA,NA,cap,* Qf M Te TSu,NA,Animals,...,...,...,...,...,...,NA
Comoros,COM,2010,Jan-Dec 2010,Rift Valley fever (Domestic),NA,NA,NA,NA,o/c,* Qf M Te TSu,NA,Animals,...,...,...,...,...,...,NA
Comoros,COM,2010,Jan-Dec 2010,Rift Valley fever (Domestic),NA,NA,NA,NA,ovi,* Qf M Te TSu,NA,Animals,...,...,...,...,...,...,NA
Comoros,COM,2011,Jan-Dec 2011,Rift Valley fever (Domestic and Wild),+(),No,...,...,bov,* Qf M Te TSu,NA,Animals,200,...,...,...,...,...,NA
Comoros,COM,2011,Jan-Dec 2011,Rift Valley fever (Domestic and Wild),NA,NA,NA,NA,cap,* Qf M Te TSu,NA,Animals,180,...,...,...,...,...,NA
Comoros,COM,2011,Jan-Dec 2011,Rift Valley fever (Domestic and Wild),NA,NA,NA,NA,o/c,* Qf M Te TSu,NA,Animals,...,...,...,...,...,...,NA
Comoros,COM,2011,Jan-Dec 2011,Rift Valley fever (Domestic and Wild),NA,NA,NA,NA,ovi,* Qf M Te TSu,NA,Animals,...,...,...,...,...,...,NA
Comoros,COM,2015,Jan-Dec 2015,Rift Valley fever (Domestic and Wild),+,No,...,...,bov,* M GSu TSu,NA,Animals,...,...,...,...,...,...,NA
Comoros,COM,2015,Jan-Dec 2015,Rift Valley fever (Domestic and Wild),NA,NA,NA,NA,cap,* M GSu TSu,NA,Animals,...,58,5,...,...,...,NA
Comoros,COM,2015,Jan-Dec 2015,Rift Valley fever (Domestic and Wild),NA,NA,NA,NA,ovi,* M GSu TSu,NA,Animals,...,...,...,...,...,...,NA
Comoros,COM,2016,Jan-Dec 2016,Rift Valley fever (Domestic and Wild),+,NA,...,...,bov,* Qf M GSu TSu,NA,Animals,...,...,...,...,...,...,NA
Comoros,COM,2016,Jan-Dec 2016,Rift Valley fever (Domestic and Wild),NA,NA,NA,NA,cap,* Qf M GSu TSu,NA,Animals,...,...,...,...,...,...,NA
Comoros,COM,2016,Jan-Dec 2016,Rift Valley fever (Domestic and Wild),NA,NA,NA,NA,ovi,* Qf M GSu TSu,NA,Animals,...,...,...,...,...,...,NA
Ethiopia,ETH,2006,Jan-Dec 2006,Rift Valley fever,+,NA,...,...,o/c,* M Te GSu,NA,Animals,...,...,...,...,...,...,NA
Ethiopia,ETH,2006,Jan-Dec 2006,Rift Valley fever,NA,NA,NA,NA,bov,* M Te GSu,NA,Animals,...,...,...,...,...,...,NA
Guinea,GIN,2005,Jan-Dec 2005,Rift Valley fever,+?,...,...,...,***,* Qf,...,Animals,...,...,...,...,...,...,NA
Guinea,GIN,2006,Jan-Dec 2006,Rift Valley fever,+?,No,2,2,***,* Qf Te GSu,...,Animals,...,...,...,...,...,...,NA
Guinea,GIN,2006,Jan-Dec 2006,Rift Valley fever,NA,NA,NA,NA,o/c,NA,NA,Animals,252,6,0,0,0,0,NA
Equatorial Guinea,GNQ,2009,Jan-Dec 2009,Rift Valley fever (Domestic and Wild),?,...,...,...,***,*,...,Animals,...,...,...,...,...,...,NA
Equatorial Guinea,GNQ,2010,Jan-Dec 2010,Rift Valley fever (Domestic and Wild),?,...,...,...,***,*,...,Animals,...,...,...,...,...,...,NA
Equatorial Guinea,GNQ,2011,Jan-Dec 2011,Rift Valley fever (Domestic and Wild),?,...,...,...,***,*,...,Animals,...,...,...,...,...,...,NA
Equatorial Guinea,GNQ,2012,Jan-Dec 2012,Rift Valley fever (Domestic),?,...,...,...,***,*,...,Animals,...,...,...,...,...,...,NA
Equatorial Guinea,GNQ,2013,Jan-Dec 2013,Rift Valley fever (Domestic),?,...,...,...,***,*,...,Animals,...,...,...,...,...,...,NA
Kenya,KEN,2006,Jan-Dec 2006,Rift Valley fever,+,No,21,21,bov,NA,NA,Animals,4000,500,30,0,0,...,NA
Kenya,KEN,2006,Jan-Dec 2006,Rift Valley fever,NA,NA,NA,NA,cap,NA,NA,Animals,10000,1500,15,0,0,...,NA
Kenya,KEN,2006,Jan-Dec 2006,Rift Valley fever,NA,NA,NA,NA,cml,NA,NA,Animals,4000,501,5,0,0,...,NA
Kenya,KEN,2006,Jan-Dec 2006,Rift Valley fever,NA,NA,NA,NA,o/c,NA,NA,Animals,...,201,...,...,...,...,NA
Kenya,KEN,2006,Jan-Dec 2006,Rift Valley fever,NA,NA,NA,NA,ovi,NA,NA,Animals,9000,1500,105,0,0,...,NA
Kenya,KEN,2007,Jan-Dec 2007,Rift Valley fever,+,No,15,37,***,* Qf Te GSu TSu Qi Z V T,...,Animals,...,...,...,...,...,...,NA
Kenya,KEN,2007,Jan-Dec 2007,Rift Valley fever,NA,NA,NA,NA,o/c,NA,...,Animals,...,234,...,...,...,...,NA
Kenya,KEN,2007,Jan-Dec 2007,Rift Valley fever,NA,NA,NA,NA,ovi,NA,...,Animals,...,...,...,...,...,...,NA
Kenya,KEN,2007,Jan-Dec 2007,Rift Valley fever,NA,NA,NA,NA,bov,NA,20000,Animals,...,...,...,...,...,...,NA
Kenya,KEN,2007,Jan-Dec 2007,Rift Valley fever,NA,NA,NA,NA,buf,NA,...,Animals,...,...,...,...,...,...,NA
Kenya,KEN,2007,Jan-Dec 2007,Rift Valley fever,NA,NA,NA,NA,cap,NA,...,Animals,...,...,...,...,...,...,NA
Kenya,KEN,2007,Jan-Dec 2007,Rift Valley fever,NA,NA,NA,NA,cml,NA,...,Animals,...,...,...,...,...,...,NA
Kenya,KEN,2007,Jan-Dec 2007,Rift Valley fever,NA,NA,NA,NA,fau,NA,...,Animals,...,...,...,...,...,...,NA
Madagascar,MDG,2005,Jan-Dec 2005,Rift Valley fever,+?,...,...,...,***,* M,...,Animals,...,...,...,...,...,...,NA
Madagascar,MDG,2006,Jan-Dec 2006,Rift Valley fever,+?,...,...,...,***,* M,...,Animals,...,...,...,...,...,...,NA
Madagascar,MDG,2007,Jan-Dec 2007,Rift Valley fever,+?,...,...,...,***,* M,...,Animals,...,...,...,...,...,...,NA
Madagascar,MDG,2008,Jan-Dec 2008,Rift Valley fever,+,No,18,18,***,Te Qi Sp Vp T Cn,...,Animals,...,...,...,...,...,...,NA
Madagascar,MDG,2008,Jan-Dec 2008,Rift Valley fever,NA,NA,NA,NA,bov,NA,NA,Animals,57,24,18,0,0,0,NA
Madagascar,MDG,2009,Jan-Dec 2009,Rift Valley fever (Domestic and Wild),+,No,1,10,bov,Te TSu Qi Sp Vp T Cn,NA,Animals,3,1,1,0,...,...,NA
Madagascar,MDG,2009,Jan-Dec 2009,Rift Valley fever (Domestic and Wild),NA,NA,NA,NA,cap,Te TSu Qi Sp Vp T Cn,NA,Animals,...,...,...,...,...,...,NA
Madagascar,MDG,2009,Jan-Dec 2009,Rift Valley fever (Domestic and Wild),NA,NA,NA,NA,cml,Qi Sp Vp T Cn,NA,Animals,...,...,...,...,...,...,NA
Madagascar,MDG,2009,Jan-Dec 2009,Rift Valley fever (Domestic and Wild),NA,NA,NA,NA,o/c,Te TSu Qi Sp Vp T Cn,NA,Animals,...,...,...,...,...,...,NA
Madagascar,MDG,2009,Jan-Dec 2009,Rift Valley fever (Domestic and Wild),NA,NA,NA,NA,ovi,Te TSu Qi Sp Vp T Cn,NA,Animals,...,...,...,...,...,...,NA
Mali,MLI,2016,Jan-Dec 2016,Rift Valley fever (Domestic),+(),No,1,1,***,* Qf GSu Qi Cr,...,Animals,...,...,...,...,...,...,NA
Mali,MLI,2016,Jan-Dec 2016,Rift Valley fever (Domestic),NA,NA,NA,NA,bov,Cn,NA,Animals,...,...,...,...,...,...,NA
Mali,MLI,2016,Jan-Dec 2016,Rift Valley fever (Domestic),NA,NA,NA,NA,cml,Cn,NA,Animals,...,...,...,...,...,...,NA
Mali,MLI,2016,Jan-Dec 2016,Rift Valley fever (Domestic),NA,NA,NA,NA,o/c,Cn,NA,Animals,228,9,0,0,0,...,NA
Mali,MLI,2017,Jan-Dec 2017,Rift Valley fever (Domestic),+,No,0,1,***,* Qf GSu Qi Cr,NA,Animals,...,...,...,...,...,...,NA
Mali,MLI,2017,Jan-Dec 2017,Rift Valley fever (Domestic),NA,NA,NA,NA,o/c,Cn,NA,Animals,...,...,...,...,...,...,NA
Mali,MLI,2017,Jan-Dec 2017,Rift Valley fever (Domestic),NA,NA,NA,NA,bov,M ln Z V Cn,19899,Animals,...,...,...,...,...,...,NA
Mali,MLI,2017,Jan-Dec 2017,Rift Valley fever (Domestic),NA,NA,NA,NA,cml,M ln Z V Cn,2352,Animals,...,...,...,...,...,...,NA
Mali,MLI,2017,Jan-Dec 2017,Rift Valley fever (Domestic),NA,NA,NA,NA,cap,M ln Z V Cn,33610,Animals,...,...,...,...,...,...,NA
Mali,MLI,2017,Jan-Dec 2017,Rift Valley fever (Domestic),NA,NA,NA,NA,ovi,M ln Z V Cn,52439,Animals,...,...,...,...,...,...,NA
Mozambique,MOZ,2007,Jan-Dec 2007,Rift Valley fever,+?,No,8,8,***,* Qf M GSu TSu Qi,...,Animals,...,...,...,...,...,...,NA
Mozambique,MOZ,2007,Jan-Dec 2007,Rift Valley fever,NA,NA,NA,NA,bov,NA,NA,Animals,45530,55,0,0,0,0,NA
Mozambique,MOZ,2008,Jan-Dec 2008,Rift Valley fever,+?,...,...,...,***,* Qf M GSu TSu Qi,...,Animals,...,...,...,...,...,...,NA
Mozambique,MOZ,2013,Jan-Dec 2013,Rift Valley fever (Domestic),+?(),No,6,6,***,* Qf M GSu TSu Qi,NA,Animals,...,...,...,...,...,...,NA
Mozambique,MOZ,2013,Jan-Dec 2013,Rift Valley fever (Domestic),NA,NA,NA,NA,bov,V,...,Animals,580,113,0,0,0,356,NA
Mozambique,MOZ,2013,Jan-Dec 2013,Rift Valley fever (Domestic),NA,NA,NA,NA,cap,NA,NA,Animals,644,56,0,0,0,0,NA
Mozambique,MOZ,2013,Jan-Dec 2013,Rift Valley fever (Domestic),NA,NA,NA,NA,buf,NA,NA,Animals,300,2,0,0,0,0,NA
Mozambique,MOZ,2013,Jan-Dec 2013,Rift Valley fever (Domestic),NA,NA,NA,NA,o/c,NA,NA,Animals,370,32,0,0,0,0,NA
Mozambique,MOZ,2014,Jan-Dec 2014,Rift Valley fever (Domestic),+?(),No,4,4,***,* Qf M GSu TSu Qi,...,Animals,...,...,...,...,...,...,NA
Mozambique,MOZ,2014,Jan-Dec 2014,Rift Valley fever (Domestic),NA,NA,NA,NA,bov,NA,NA,Animals,1217,168,0,0,0,0,NA
Mozambique,MOZ,2014,Jan-Dec 2014,Rift Valley fever (Domestic),NA,NA,NA,NA,cap,NA,NA,Animals,623,398,0,0,0,0,NA
Mozambique,MOZ,2015,Jan-Dec 2015,Rift Valley fever (Domestic and Wild),+?(),...,...,...,***,* Qf M GSu TSu Qi,...,Animals,...,...,...,...,...,...,NA
Mozambique,MOZ,2016,Jan-Dec 2016,Rift Valley fever (Domestic and Wild),+?(),No,3,3,***,* Qf M GSu TSu Qi,...,Animals,...,...,...,...,...,...,NA
Mozambique,MOZ,2016,Jan-Dec 2016,Rift Valley fever (Domestic and Wild),NA,NA,NA,NA,bov,NA,NA,Animals,712,23,0,0,0,0,NA
Mozambique,MOZ,2017,Jan-Dec 2017,Rift Valley fever (Domestic),+?(),NA,...,...,***,* Qf M GSu TSu Qi,...,Animals,...,...,...,...,...,...,NA
Mozambique,MOZ,2017,Jan-Dec 2017,Rift Valley fever (Domestic),NA,NA,NA,NA,bov,ln,NA,Animals,...,...,...,...,...,...,NA
Mozambique,MOZ,2017,Jan-Dec 2017,Rift Valley fever (Domestic),NA,NA,NA,NA,o/c,ln,NA,Animals,...,...,...,...,...,...,NA
Mozambique,MOZ,2017,Jan-Dec 2017,Rift Valley fever (Wild),+?,NA,...,...,fau,*,NA,Animals,...,...,...,...,...,...,NA
Mauritania,MRT,2005,Jan-Dec 2005,Rift Valley fever,?,...,...,...,NA,NA,NA,Animals,...,...,...,...,...,...,NA
Mauritania,MRT,2006,Jan-Dec 2006,Rift Valley fever,+(),No,1,1,bov,* M TSu,NA,Animals,120,6,0,0,0,0,NA
Mauritania,MRT,2007,Jan-Dec 2007,Rift Valley fever,+(),...,...,...,NA,NA,NA,Animals,...,...,...,...,...,...,NA
Mauritania,MRT,2008,Jan-Dec 2008,Rift Valley fever,+(),...,...,...,NA,NA,NA,Animals,...,...,...,...,...,...,NA
Mauritania,MRT,2010,Jan-Dec 2010,Rift Valley fever (Domestic),+,No,3,3,***,Qi Sp Cn,...,Animals,...,...,...,...,...,...,NA
Mauritania,MRT,2010,Jan-Dec 2010,Rift Valley fever (Domestic),NA,NA,NA,NA,o/c,* Qf M GSu TSu,NA,Animals,550,144,1,0,0,...,NA
Mauritania,MRT,2010,Jan-Dec 2010,Rift Valley fever (Domestic),NA,NA,NA,NA,cml,NA,NA,Animals,120,29,20,12,1,...,NA
Mauritania,MRT,2011,Jan-Dec 2011,Rift Valley fever (Domestic),+(),No,0,3,***,Qi Sp Cn,...,Animals,...,...,...,...,...,...,NA
Mauritania,MRT,2011,Jan-Dec 2011,Rift Valley fever (Domestic),NA,NA,NA,NA,o/c,* Qf GSu TSu,NA,Animals,...,...,...,...,...,...,NA
Mauritania,MRT,2011,Jan-Dec 2011,Rift Valley fever (Domestic),NA,NA,NA,NA,cml,NA,NA,Animals,...,...,...,...,...,...,NA
Mauritania,MRT,2012,Jan-Dec 2012,Rift Valley fever (Domestic),+(),No,3,3,***,* Qi Sp Cn,...,Animals,...,...,...,...,...,...,NA
Mauritania,MRT,2012,Jan-Dec 2012,Rift Valley fever (Domestic),NA,NA,NA,NA,o/c,Qf GSu TSu,NA,Animals,540000,1120,56,0,0,0,NA
Mauritania,MRT,2012,Jan-Dec 2012,Rift Valley fever (Domestic),NA,NA,NA,NA,cml,NA,NA,Animals,640,78,0,0,0,0,NA
Mauritania,MRT,2013,Jan-Dec 2013,Rift Valley fever (Domestic),+(),No,5,5,***,TSu Qi Cn,...,Animals,...,...,...,...,...,...,NA
Mauritania,MRT,2013,Jan-Dec 2013,Rift Valley fever (Domestic),NA,NA,NA,NA,o/c,NA,NA,Animals,750,190,0,0,0,...,NA
Mauritania,MRT,2013,Jan-Dec 2013,Rift Valley fever (Domestic),NA,NA,NA,NA,cml,NA,NA,Animals,100,11,3,0,0,...,NA
Mauritania,MRT,2013,Jan-Dec 2013,Rift Valley fever (Domestic),NA,NA,NA,NA,ovi,NA,NA,Animals,300,90,0,0,0,...,NA
Malawi,MWI,2005,Jan-Dec 2005,Rift Valley fever,+?,...,...,...,NA,NA,NA,Animals,...,...,...,...,...,...,NA
Malawi,MWI,2006,Jan-Dec 2006,Rift Valley fever,+?,...,...,...,NA,NA,NA,Animals,...,...,...,...,...,...,NA
Malawi,MWI,2007,Jan-Dec 2007,Rift Valley fever,+?,...,...,...,NA,NA,NA,Animals,...,...,...,...,...,...,NA
Malawi,MWI,2008,Jan-Dec 2008,Rift Valley fever,+?,...,...,...,NA,NA,NA,Animals,...,...,...,...,...,...,NA
Malawi,MWI,2009,Jan-Dec 2009,Rift Valley fever (Domestic),+?,NA,...,...,o/c,* Qf Te Cn,NA,Animals,...,...,...,...,...,...,NA
Malawi,MWI,2009,Jan-Dec 2009,Rift Valley fever (Domestic),NA,NA,NA,NA,bov,* Qf Te Cn,NA,Animals,...,...,...,...,...,...,NA
Malawi,MWI,2010,Jan-Dec 2010,Rift Valley fever (Domestic),+?,NA,...,...,bov,* Qf GSu Cn,NA,Animals,...,...,...,...,...,...,NA
Malawi,MWI,2011,Jan-Dec 2011,Rift Valley fever (Domestic),+?,NA,...,...,bov,* Qf GSu Cn,NA,Animals,...,...,...,...,...,...,NA
Malawi,MWI,2012,Jan-Dec 2012,Rift Valley fever (Domestic),+?,NA,...,...,bov,* Qf Te Qi Cn,NA,Animals,...,...,...,...,...,...,NA
Malawi,MWI,2012,Jan-Dec 2012,Rift Valley fever (Domestic),NA,NA,NA,NA,cap,* Qf Te Qi Cn,NA,Animals,...,...,...,...,...,...,NA
Malawi,MWI,2012,Jan-Dec 2012,Rift Valley fever (Domestic),NA,NA,NA,NA,ovi,* Qf Te Qi Cn,NA,Animals,...,...,...,...,...,...,NA
Malawi,MWI,2013,Jan-Dec 2013,Rift Valley fever (Domestic),?,NA,...,...,bov,Qf Qi Cn,NA,Animals,NA,NA,NA,NA,NA,NA,NA
Malawi,MWI,2013,Jan-Dec 2013,Rift Valley fever (Domestic),NA,NA,NA,NA,cap,Qf Qi,NA,Animals,NA,NA,NA,NA,NA,NA,NA
Malawi,MWI,2013,Jan-Dec 2013,Rift Valley fever (Domestic),NA,NA,NA,NA,ovi,Qf Qi,NA,Animals,NA,NA,NA,NA,NA,NA,NA
Mayotte (France),MYT,2016,Jan-Dec 2016,Rift Valley fever (Domestic and Wild),?,...,...,...,NA,NA,NA,Animals,...,...,...,...,...,...,NA
Mayotte (France),MYT,2017,Jan-Dec 2017,Rift Valley fever (Domestic and Wild),?,...,...,...,NA,NA,NA,Animals,...,...,...,...,...,...,NA
Namibia,NAM,2010,Jan-Dec 2010,Rift Valley fever (Domestic and Wild),+,No,0,0,***,* Qf M Qi Z Cn,NA,Animals,...,...,...,...,...,...,NA
Namibia,NAM,2010,Jan-Dec 2010,Rift Valley fever (Domestic and Wild),NA,NA,NA,NA,bov,TSu V,12022,Animals,...,...,...,...,...,...,NA
Namibia,NAM,2010,Jan-Dec 2010,Rift Valley fever (Domestic and Wild),NA,NA,NA,NA,cap,TSu V,20457,Animals,...,...,...,...,...,...,NA
Namibia,NAM,2010,Jan-Dec 2010,Rift Valley fever (Domestic and Wild),NA,NA,NA,NA,ovi,TSu V,34155,Animals,7697,71,35,0,0,...,NA
Namibia,NAM,2010,Jan-Dec 2010,Rift Valley fever (Domestic and Wild),NA,NA,NA,NA,cml,TSu,NA,Animals,...,...,...,...,...,...,NA
Namibia,NAM,2010,Jan-Dec 2010,Rift Valley fever (Domestic and Wild),NA,NA,NA,NA,o/c,TSu,NA,Animals,300,9,3,0,0,...,NA
Namibia,NAM,2011,Jan-Dec 2011,Rift Valley fever (Domestic),+,No,3,15,***,* Qf M Te Qi Z Cn,...,Animals,...,...,...,...,...,...,NA
Namibia,NAM,2011,Jan-Dec 2011,Rift Valley fever (Domestic),NA,NA,NA,NA,bov,TSu V,...,Animals,...,...,...,...,...,528,NA
Namibia,NAM,2011,Jan-Dec 2011,Rift Valley fever (Domestic),NA,NA,NA,NA,cap,TSu V,...,Animals,356,73,31,0,0,835,NA
Namibia,NAM,2011,Jan-Dec 2011,Rift Valley fever (Domestic),NA,NA,NA,NA,ovi,TSu V,...,Animals,...,...,...,...,...,48,NA
Namibia,NAM,2011,Jan-Dec 2011,Rift Valley fever (Domestic),NA,NA,NA,NA,cml,TSu,NA,Animals,...,...,...,...,...,...,NA
Namibia,NAM,2011,Jan-Dec 2011,Rift Valley fever (Domestic),NA,NA,NA,NA,o/c,TSu,NA,Animals,...,...,...,...,...,...,NA
Namibia,NAM,2011,Jan-Dec 2011,Rift Valley fever (Wild),+?,No,1,1,fau,NA,NA,Animals,...,6,0,0,0,...,NA
Namibia,NAM,2012,Jan-Dec 2012,Rift Valley fever (Domestic),+,No,0,3,***,* Qf M Te Qi Z Cn,...,Animals,...,...,...,...,...,...,NA
Namibia,NAM,2012,Jan-Dec 2012,Rift Valley fever (Domestic),NA,NA,NA,NA,bov,GSu TSu V,...,Animals,...,...,...,...,...,...,NA
Namibia,NAM,2012,Jan-Dec 2012,Rift Valley fever (Domestic),NA,NA,NA,NA,cap,TSu V,...,Animals,...,...,...,...,...,...,NA
Namibia,NAM,2012,Jan-Dec 2012,Rift Valley fever (Domestic),NA,NA,NA,NA,ovi,GSu TSu V,...,Animals,...,...,...,...,...,...,NA
Namibia,NAM,2012,Jan-Dec 2012,Rift Valley fever (Domestic),NA,NA,NA,NA,o/c,GSu TSu V,...,Animals,...,...,...,...,...,...,NA
Namibia,NAM,2012,Jan-Dec 2012,Rift Valley fever (Domestic),NA,NA,NA,NA,cml,TSu,NA,Animals,...,...,...,...,...,...,NA
Namibia,NAM,2012,Jan-Dec 2012,Rift Valley fever (Wild),+?(),No,1,1,fau,* Qf M Te GSu TSu Qi Z Cn,NA,Animals,...,7,...,...,...,...,NA
Namibia,NAM,2013,Jan-Dec 2013,Rift Valley fever (Domestic),?,NA,...,...,bov,* Qf GSu Qi V,...,Animals,NA,NA,NA,NA,NA,NA,NA
Namibia,NAM,2013,Jan-Dec 2013,Rift Valley fever (Domestic),NA,NA,NA,NA,cap,* Qf GSu Qi V,...,Animals,NA,NA,NA,NA,NA,NA,NA
Namibia,NAM,2013,Jan-Dec 2013,Rift Valley fever (Domestic),NA,NA,NA,NA,o/c,* Qf GSu Qi,NA,Animals,NA,NA,NA,NA,NA,NA,NA
Namibia,NAM,2013,Jan-Dec 2013,Rift Valley fever (Domestic),NA,NA,NA,NA,ovi,* Qf GSu Qi V,...,Animals,NA,NA,NA,NA,NA,NA,NA
Namibia,NAM,2013,Jan-Dec 2013,Rift Valley fever (Wild),+?(),NA,...,...,fau,* Qf M Te GSu TSu Qi Z Cn,NA,Animals,...,...,...,...,...,...,NA
Niger,NER,2010,Jan-Dec 2010,Rift Valley fever (Wild),?,...,...,...,NA,NA,NA,Animals,...,...,...,...,...,...,NA
Niger,NER,2011,Jan-Dec 2011,Rift Valley fever (Wild),?,...,...,...,NA,NA,NA,Animals,...,...,...,...,...,...,NA
Niger,NER,2012,Jan-Dec 2012,Rift Valley fever (Wild),?,...,...,...,NA,NA,NA,Animals,...,...,...,...,...,...,NA
Niger,NER,2013,Jan-Dec 2013,Rift Valley fever (Wild),?,...,...,...,NA,NA,NA,Animals,...,...,...,...,...,...,NA
Niger,NER,2014,Jan-Dec 2014,Rift Valley fever (Wild),?,...,...,...,NA,NA,NA,Animals,...,...,...,...,...,...,NA
Niger,NER,2015,Jan-Dec 2015,Rift Valley fever (Wild),?,...,...,...,NA,NA,NA,Animals,...,...,...,...,...,...,NA
Niger,NER,2016,Jan-Dec 2016,Rift Valley fever (Domestic),+(),No,2,2,bov,* GSu Qi Sp Cn,NA,Animals,1525,112,77,0,0,0,NA
Niger,NER,2016,Jan-Dec 2016,Rift Valley fever (Domestic),NA,NA,NA,NA,o/c,* GSu Qi Sp Cn,NA,Animals,1834,434,183,0,0,0,NA
Niger,NER,2016,Jan-Dec 2016,Rift Valley fever (Wild),?,...,...,...,NA,NA,NA,Animals,...,...,...,...,...,...,NA
Niger,NER,2017,Jan-Dec 2017,Rift Valley fever (Domestic),+,No,0,2,bov,* GSu TSu Qi Sd Z Cn,NA,Animals,...,...,...,...,...,...,NA
Niger,NER,2017,Jan-Dec 2017,Rift Valley fever (Domestic),NA,NA,NA,NA,o/c,* GSu TSu Qi Z Cn,NA,Animals,...,...,...,...,...,...,NA
Niger,NER,2017,Jan-Dec 2017,Rift Valley fever (Wild),?,...,...,...,NA,NA,NA,Animals,...,...,...,...,...,...,NA
Nigeria,NGA,2017,Jan-Dec 2017,Rift Valley fever (Domestic and Wild),+,NA,...,...,bov,* Qf GSu Qi,NA,Animals,...,...,...,...,...,...,NA
Nigeria,NGA,2017,Jan-Dec 2017,Rift Valley fever (Domestic and Wild),NA,NA,NA,NA,cml,* Qf GSu Qi,NA,Animals,...,...,...,...,...,...,NA
Nigeria,NGA,2017,Jan-Dec 2017,Rift Valley fever (Domestic and Wild),NA,NA,NA,NA,o/c,* Qf GSu,NA,Animals,...,...,...,...,...,...,NA
Rwanda,RWA,2012,Jan-Dec 2012,Rift Valley fever (Domestic),+(),No,4,4,bov,* Qf M Te GSu TSu Qi,NA,Animals,473,91,3,0,0,0,NA
Rwanda,RWA,2012,Jan-Dec 2012,Rift Valley fever (Domestic),NA,NA,NA,NA,o/c,* Qf M Te GSu TSu Qi,NA,Animals,...,...,...,...,...,...,NA
Rwanda,RWA,2012,Jan-Dec 2012,Rift Valley fever (Domestic),NA,NA,NA,NA,cap,* M TSu,NA,Animals,271,5,1,0,0,0,NA
Rwanda,RWA,2012,Jan-Dec 2012,Rift Valley fever (Domestic),NA,NA,NA,NA,ovi,* M TSu,NA,Animals,67,1,0,0,0,0,NA
Rwanda,RWA,2013,Jan-Dec 2013,Rift Valley fever (Domestic),+(),No,26,26,bov,* Qf M Te GSu TSu Qi V,13420,Animals,48950,120,21,11,0,26170,NA
Rwanda,RWA,2013,Jan-Dec 2013,Rift Valley fever (Domestic),NA,NA,NA,NA,o/c,* Qf M Te GSu TSu Qi,NA,Animals,...,...,...,...,...,...,NA
Rwanda,RWA,2013,Jan-Dec 2013,Rift Valley fever (Domestic),NA,NA,NA,NA,cap,* M TSu V,25250,Animals,54250,349,58,26,0,50000,NA
Rwanda,RWA,2013,Jan-Dec 2013,Rift Valley fever (Domestic),NA,NA,NA,NA,ovi,* M TSu,NA,Animals,...,...,...,...,...,...,NA
Rwanda,RWA,2014,Jan-Dec 2014,Rift Valley fever (Domestic),+(),No,25,25,bov,* Qf M Te GSu TSu Qi,NA,Animals,157500,4123,11,0,0,60000,NA
Rwanda,RWA,2014,Jan-Dec 2014,Rift Valley fever (Domestic),NA,NA,NA,NA,o/c,* Qf M Te GSu TSu Qi,NA,Animals,97200,5013,32,0,0,16500,NA
Rwanda,RWA,2014,Jan-Dec 2014,Rift Valley fever (Domestic),NA,NA,NA,NA,cap,* M TSu V,15000,Animals,...,...,...,...,...,...,NA
Rwanda,RWA,2014,Jan-Dec 2014,Rift Valley fever (Domestic),NA,NA,NA,NA,ovi,* M TSu,NA,Animals,...,...,...,...,...,...,NA
Rwanda,RWA,2016,Jan-Dec 2016,Rift Valley fever (Domestic),+,No,12,12,bov,* Qf M Te GSu TSu Qi V,127000,Animals,84500,12,5,...,7,72700,NA
Rwanda,RWA,2016,Jan-Dec 2016,Rift Valley fever (Domestic),NA,NA,NA,NA,o/c,* Qf M Te GSu TSu Qi V,56750,Animals,64250,67,23,...,45,53000,NA
Rwanda,RWA,2016,Jan-Dec 2016,Rift Valley fever (Domestic),NA,NA,NA,NA,cap,* M TSu V,75700,Animals,...,...,...,...,...,...,NA
Rwanda,RWA,2016,Jan-Dec 2016,Rift Valley fever (Domestic),NA,NA,NA,NA,ovi,* M TSu,NA,Animals,...,...,...,...,...,...,NA
Saudi Arabia,SAU,2007,Jan-Dec 2007,Rift Valley fever,+?,NA,...,...,ovi,V,256488,Animals,...,...,...,...,...,...,NA
Saudi Arabia,SAU,2007,Jan-Dec 2007,Rift Valley fever,NA,NA,NA,NA,bov,* Qf M Te GSu TSu Qi S V,33428,Animals,...,...,...,...,...,...,NA
Saudi Arabia,SAU,2007,Jan-Dec 2007,Rift Valley fever,NA,NA,NA,NA,cap,V,369144,Animals,...,...,...,...,...,...,NA
Saudi Arabia,SAU,2007,Jan-Dec 2007,Rift Valley fever,NA,NA,NA,NA,cml,V,511,Animals,...,...,...,...,...,...,NA
Saudi Arabia,SAU,2008,Jan-Dec 2008,Rift Valley fever,+?,NA,...,...,bov,* Qf M Te GSu TSu Qi V,17948,Animals,...,...,...,...,...,...,NA
Saudi Arabia,SAU,2008,Jan-Dec 2008,Rift Valley fever,NA,NA,NA,NA,cap,V,195267,Animals,...,...,...,...,...,...,NA
Saudi Arabia,SAU,2008,Jan-Dec 2008,Rift Valley fever,NA,NA,NA,NA,cml,V,2142,Animals,...,...,...,...,...,...,NA
Saudi Arabia,SAU,2008,Jan-Dec 2008,Rift Valley fever,NA,NA,NA,NA,ovi,V,131415,Animals,...,...,...,...,...,...,NA
Saudi Arabia,SAU,2010,Jan-Dec 2010,Rift Valley fever (Domestic and Wild),+?,No,1,1,bov,* Qf M GSu TSu Qi Z,NA,Animals,1,1,0,1,0,...,NA
Saudi Arabia,SAU,2010,Jan-Dec 2010,Rift Valley fever (Domestic and Wild),NA,NA,NA,NA,fau,Te S Z Cn,NA,Animals,...,...,...,...,...,...,NA
Saudi Arabia,SAU,2010,Jan-Dec 2010,Rift Valley fever (Domestic and Wild),NA,NA,NA,NA,ovi,NA,NA,Animals,100,5,0,5,0,...,NA
Saudi Arabia,SAU,2011,Jan-Dec 2011,Rift Valley fever (Wild),+?,NA,...,...,fau,Te Sp Z Cn,NA,Animals,...,...,...,...,...,...,NA
Saudi Arabia,SAU,2012,Jan-Dec 2012,Rift Valley fever (Wild),+?,...,...,...,NA,NA,NA,Animals,...,...,...,...,...,...,NA
Saudi Arabia,SAU,2013,Jan-Dec 2013,Rift Valley fever (Domestic),+,NA,...,...,bov,* Qf M Te GSu TSu Qi S Z Cn,NA,Animals,...,...,...,...,...,...,NA
Saudi Arabia,SAU,2014,Jan-Dec 2014,Rift Valley fever (Domestic),+,...,...,...,***,* Qf M Te TSu Qi Z Cn,...,Animals,...,...,...,...,...,...,NA
Sudan,SDN,2007,Jan-Dec 2007,Rift Valley fever,+,No,1,1,bov,* Qf M Te GSu TSu Qi Z V Cn,25516,Animals,110,...,...,0,0,9623,NA
Sudan,SDN,2007,Jan-Dec 2007,Rift Valley fever,NA,NA,NA,NA,o/c,* Qf M Te GSu TSu Qi Z V Cn,107628,Animals,...,...,...,...,...,...,NA
Sudan,SDN,2007,Jan-Dec 2007,Rift Valley fever,NA,NA,NA,NA,cml,* Qf M Te GSu,NA,Animals,...,...,...,...,...,...,NA
Sudan,SDN,2007,Jan-Dec 2007,Rift Valley fever,NA,NA,NA,NA,cap,* M Z,NA,Animals,...,...,...,...,...,...,NA
Sudan,SDN,2007,Jan-Dec 2007,Rift Valley fever,NA,NA,NA,NA,ovi,* M Z,NA,Animals,400,...,...,0,0,66372,NA
Sudan,SDN,2008,Jan-Dec 2008,Rift Valley fever,+,NA,...,...,***,Te Qi Z T Cn,...,Animals,...,...,...,...,...,...,NA
Sudan,SDN,2008,Jan-Dec 2008,Rift Valley fever,NA,NA,NA,NA,bov,* Qf M GSu TSu,NA,Animals,...,...,...,...,...,...,NA
Sudan,SDN,2008,Jan-Dec 2008,Rift Valley fever,NA,NA,NA,NA,cap,*,NA,Animals,...,...,...,...,...,...,NA
Sudan,SDN,2008,Jan-Dec 2008,Rift Valley fever,NA,NA,NA,NA,cml,* Qf M GSu,NA,Animals,...,...,...,...,...,...,NA
Sudan,SDN,2008,Jan-Dec 2008,Rift Valley fever,NA,NA,NA,NA,o/c,* Qf M GSu TSu,NA,Animals,...,...,...,...,...,...,NA
Sudan,SDN,2008,Jan-Dec 2008,Rift Valley fever,NA,NA,NA,NA,ovi,* M,NA,Animals,...,...,...,...,...,...,NA
Senegal,SEN,2012,Jan-Dec 2012,Rift Valley fever (Domestic),+?,NA,...,...,bov,* Qf M GSu Qi,NA,Animals,...,...,...,...,...,...,NA
Senegal,SEN,2012,Jan-Dec 2012,Rift Valley fever (Domestic),NA,NA,NA,NA,o/c,* Qf M Te GSu TSu Qi,NA,Animals,...,...,...,...,...,...,NA
Senegal,SEN,2013,Jan-Dec 2013,Rift Valley fever (Domestic and Wild),+,No,4,4,bov,* Qf M GSu TSu Qi Cn,NA,Animals,190,7,0,0,0,0,NA
Senegal,SEN,2013,Jan-Dec 2013,Rift Valley fever (Domestic and Wild),NA,NA,NA,NA,o/c,* Qf M Te GSu TSu Qi Cn,NA,Animals,...,...,...,...,...,...,NA
Senegal,SEN,2013,Jan-Dec 2013,Rift Valley fever (Domestic and Wild),NA,NA,NA,NA,cap,NA,NA,Animals,208,37,8,0,0,0,NA
Senegal,SEN,2013,Jan-Dec 2013,Rift Valley fever (Domestic and Wild),NA,NA,NA,NA,fau,NA,NA,Animals,33,8,3,0,0,0,NA
Senegal,SEN,2014,Jan-Dec 2014,Rift Valley fever (Domestic and Wild),+,No,1,1,***,Qi Cn,...,Animals,...,...,...,...,...,...,NA
Senegal,SEN,2014,Jan-Dec 2014,Rift Valley fever (Domestic and Wild),NA,NA,NA,NA,bov,* Qf M GSu TSu,NA,Animals,...,...,...,...,...,...,NA
Senegal,SEN,2014,Jan-Dec 2014,Rift Valley fever (Domestic and Wild),NA,NA,NA,NA,o/c,* Qf M Te GSu TSu,NA,Animals,65,1,0,0,0,0,NA
Senegal,SEN,2015,Jan-Dec 2015,Rift Valley fever (Domestic and Wild),+,No,1,1,***,Qi,NA,Animals,...,...,...,...,...,...,NA
Senegal,SEN,2015,Jan-Dec 2015,Rift Valley fever (Domestic and Wild),NA,NA,NA,NA,o/c,* Qf M Te GSu TSu V Cn,100000,Animals,194,56,18,0,0,0,NA
Senegal,SEN,2015,Jan-Dec 2015,Rift Valley fever (Domestic and Wild),NA,NA,NA,NA,bov,* Qf M GSu TSu V Cn,...,Animals,...,...,...,...,...,...,NA
Senegal,SEN,2015,Jan-Dec 2015,Rift Valley fever (Domestic and Wild),NA,NA,NA,NA,cap,Cn,NA,Animals,...,...,...,...,...,...,NA
Senegal,SEN,2015,Jan-Dec 2015,Rift Valley fever (Domestic and Wild),NA,NA,NA,NA,ovi,NA,NA,Animals,889,53,2,...,...,...,NA
Senegal,SEN,2016,Jan-Dec 2016,Rift Valley fever (Domestic),+,No,3,3,bov,* Qf GSu TSu Qi Cn,NA,Animals,...,...,...,...,...,...,NA
Senegal,SEN,2016,Jan-Dec 2016,Rift Valley fever (Domestic),NA,NA,NA,NA,cml,* Qf Qi Cn,NA,Animals,...,...,...,...,...,...,NA
Senegal,SEN,2016,Jan-Dec 2016,Rift Valley fever (Domestic),NA,NA,NA,NA,o/c,* Qf M Te GSu TSu Qi V Cn,77479,Animals,133,30,0,...,...,...,NA
South Sudan,SSD,2017,Jan-Dec 2017,Rift Valley fever (Domestic),+(),No,1,1,***,Qi Vp,...,Animals,...,...,...,...,...,...,NA
South Sudan,SSD,2017,Jan-Dec 2017,Rift Valley fever (Domestic),NA,NA,NA,NA,bov,* Qf M GSu TSu Cn,NA,Animals,2000,8,0,0,0,...,NA
South Sudan,SSD,2017,Jan-Dec 2017,Rift Valley fever (Domestic),NA,NA,NA,NA,buf,* Qf M GSu TSu Cn,NA,Animals,...,...,...,...,...,...,NA
South Sudan,SSD,2017,Jan-Dec 2017,Rift Valley fever (Domestic),NA,NA,NA,NA,cap,* Qf M GSu TSu Cn,NA,Animals,...,...,...,...,...,...,NA
South Sudan,SSD,2017,Jan-Dec 2017,Rift Valley fever (Domestic),NA,NA,NA,NA,cml,* Qf M GSu TSu Cn,NA,Animals,...,...,...,...,...,...,NA
South Sudan,SSD,2017,Jan-Dec 2017,Rift Valley fever (Domestic),NA,NA,NA,NA,o/c,* Qf M GSu TSu Cn,NA,Animals,...,0,0,0,0,...,NA
South Sudan,SSD,2017,Jan-Dec 2017,Rift Valley fever (Domestic),NA,NA,NA,NA,ovi,* Qf M GSu TSu Cn,NA,Animals,...,...,...,...,...,...,NA
Swaziland,SWZ,2008,Jan-Dec 2008,Rift Valley fever,+,No,2,2,***,Te Qi Z,...,Animals,...,...,...,...,...,...,NA
Swaziland,SWZ,2008,Jan-Dec 2008,Rift Valley fever,NA,NA,NA,NA,bov,NA,NA,Animals,239,30,10,0,0,0,NA
Tanzania,TZA,2006,Jan-Dec 2006,Rift Valley fever,?,NA,...,...,***,* Qf M GSu Cn,...,Animals,...,...,...,...,...,...,NA
Tanzania,TZA,2006,Jan-Dec 2006,Rift Valley fever,NA,NA,NA,NA,bov,Qi,NA,Animals,NA,NA,NA,NA,NA,NA,NA
Tanzania,TZA,2006,Jan-Dec 2006,Rift Valley fever,NA,NA,NA,NA,ovi,Qi,NA,Animals,NA,NA,NA,NA,NA,NA,NA
Tanzania,TZA,2007,Jan-Dec 2007,Rift Valley fever,+(),No,19,19,***,Te Qi Z Cn,...,Animals,...,...,...,...,...,...,NA
Tanzania,TZA,2007,Jan-Dec 2007,Rift Valley fever,NA,NA,NA,NA,bov,NA,NA,Animals,37913,12832,1520,0,0,324600,NA
Tanzania,TZA,2007,Jan-Dec 2007,Rift Valley fever,NA,NA,NA,NA,cap,NA,NA,Animals,32344,12908,1763,0,0,181754,NA
Tanzania,TZA,2007,Jan-Dec 2007,Rift Valley fever,NA,NA,NA,NA,ovi,NA,NA,Animals,21130,6388,856,0,0,158630,NA
Tanzania,TZA,2011,Jan-Dec 2011,Rift Valley fever (Wild),+?,NA,...,...,fau,* Qf GSu Qi,NA,Animals,...,...,...,...,...,...,NA
Uganda,UGA,2007,Jan-Dec 2007,Rift Valley fever,+?,...,...,...,NA,NA,NA,Animals,...,...,...,...,...,...,NA
Uganda,UGA,2016,Jan-Dec 2016,Rift Valley fever (Domestic),+(),No,2,2,***,Te Qi Cn,...,Animals,...,...,...,...,...,...,NA
Uganda,UGA,2016,Jan-Dec 2016,Rift Valley fever (Domestic),NA,NA,NA,NA,bov,NA,NA,Animals,500,134,0,0,0,0,NA
Uganda,UGA,2016,Jan-Dec 2016,Rift Valley fever (Domestic),NA,NA,NA,NA,cap,NA,NA,Animals,267939,2,0,0,0,...,NA
Uganda,UGA,2017,Jan-Dec 2017,Rift Valley fever (Domestic),+(),No,2,2,***,Te Qi Cn,...,Animals,...,...,...,...,...,...,NA
Uganda,UGA,2017,Jan-Dec 2017,Rift Valley fever (Domestic),NA,NA,NA,NA,bov,NA,NA,Animals,91,8,0,0,0,0,NA
Uganda,UGA,2017,Jan-Dec 2017,Rift Valley fever (Domestic),NA,NA,NA,NA,cap,NA,NA,Animals,13,7,0,0,0,0,NA
Yemen,YEM,2005,Jan-Dec 2005,Rift Valley fever,+,No,1,1,***,*,...,Animals,...,...,...,...,...,...,NA
Yemen,YEM,2005,Jan-Dec 2005,Rift Valley fever,NA,NA,NA,NA,ovi,NA,NA,Animals,128,8,2,0,0,0,NA
Yemen,YEM,2005,Jan-Dec 2005,Rift Valley fever,NA,NA,NA,NA,bov,NA,NA,Animals,170,22,12,0,0,0,NA
Yemen,YEM,2006,Jan-Dec 2006,Rift Valley fever,+,No,124,124,***,* Qf,...,Animals,...,...,...,...,...,...,NA
Yemen,YEM,2006,Jan-Dec 2006,Rift Valley fever,NA,NA,NA,NA,ovi,M GSu,NA,Animals,4390,167,48,0,0,0,NA
Yemen,YEM,2006,Jan-Dec 2006,Rift Valley fever,NA,NA,NA,NA,bov,M GSu Vp,NA,Animals,401,11,6,0,0,0,NA
Yemen,YEM,2006,Jan-Dec 2006,Rift Valley fever,NA,NA,NA,NA,cap,M GSu,NA,Animals,6322,440,123,0,0,0,NA
Yemen,YEM,2006,Jan-Dec 2006,Rift Valley fever,NA,NA,NA,NA,buf,Vp,NA,Animals,...,...,...,...,...,...,NA
Yemen,YEM,2007,Jan-Dec 2007,Rift Valley fever,+,No,31,31,ovi,*,NA,Animals,3512,60,43,0,0,0,NA
Yemen,YEM,2007,Jan-Dec 2007,Rift Valley fever,NA,NA,NA,NA,bov,*,NA,Animals,65,2,0,0,0,0,NA
Yemen,YEM,2007,Jan-Dec 2007,Rift Valley fever,NA,NA,NA,NA,cap,*,NA,Animals,2981,44,18,0,0,0,NA
South Africa,ZAF,2008,Jan-Dec 2008,Rift Valley fever,+,No,31,31,***,Te,NA,Animals,...,...,...,...,...,...,NA
South Africa,ZAF,2008,Jan-Dec 2008,Rift Valley fever,NA,NA,NA,NA,bov,V,1482,Animals,1356,359,92,24,0,260,NA
South Africa,ZAF,2008,Jan-Dec 2008,Rift Valley fever,NA,NA,NA,NA,cap,V,53,Animals,3080,77,45,0,0,53,NA
South Africa,ZAF,2008,Jan-Dec 2008,Rift Valley fever,NA,NA,NA,NA,buf,NA,NA,Animals,802,16,16,0,0,0,NA
South Africa,ZAF,2008,Jan-Dec 2008,Rift Valley fever,NA,NA,NA,NA,ovi,NA,NA,Animals,321,52,32,0,0,0,NA
South Africa,ZAF,2009,Jan-Dec 2009,Rift Valley fever (Domestic),+,No,40,40,***,* Qf GSu Cn,...,Animals,...,...,...,...,...,...,NA
South Africa,ZAF,2009,Jan-Dec 2009,Rift Valley fever (Domestic),NA,NA,NA,NA,bov,NA,NA,Animals,14653,288,107,0,0,0,NA
South Africa,ZAF,2009,Jan-Dec 2009,Rift Valley fever (Domestic),NA,NA,NA,NA,ovi,NA,NA,Animals,7687,37,27,0,5,...,NA
South Africa,ZAF,2009,Jan-Dec 2009,Rift Valley fever (Domestic),NA,NA,NA,NA,cap,NA,NA,Animals,32,6,0,0,0,0,NA
South Africa,ZAF,2010,Jan-Dec 2010,Rift Valley fever (Domestic and Wild),+,No,492,493,***,* Qf GSu Cn,...,Animals,...,...,...,...,...,...,NA
South Africa,ZAF,2010,Jan-Dec 2010,Rift Valley fever (Domestic and Wild),NA,NA,NA,NA,bov,NA,NA,Animals,68482,710,429,4,0,18016,NA
South Africa,ZAF,2010,Jan-Dec 2010,Rift Valley fever (Domestic and Wild),NA,NA,NA,NA,o/c,NA,NA,Animals,5163,269,204,1,0,1310,NA
South Africa,ZAF,2010,Jan-Dec 2010,Rift Valley fever (Domestic and Wild),NA,NA,NA,NA,ovi,NA,NA,Animals,225613,11445,6753,98,0,54483,NA
South Africa,ZAF,2010,Jan-Dec 2010,Rift Valley fever (Domestic and Wild),NA,NA,NA,NA,cap,NA,NA,Animals,4582,145,74,0,0,6606,NA
South Africa,ZAF,2010,Jan-Dec 2010,Rift Valley fever (Domestic and Wild),NA,NA,NA,NA,cml,NA,NA,Animals,227,5,5,0,0,...,NA
South Africa,ZAF,2010,Jan-Dec 2010,Rift Valley fever (Domestic and Wild),NA,NA,NA,NA,fau,NA,NA,Animals,9957,60,60,0,0,...,NA
South Africa,ZAF,2010,Jan-Dec 2010,Rift Valley fever (Domestic and Wild),NA,NA,NA,NA,buf,NA,NA,Animals,146,4,4,0,0,...,NA
South Africa,ZAF,2011,Jan-Dec 2011,Rift Valley fever (Domestic and Wild),+,No,134,135,***,* Qf GSu,...,Animals,...,...,...,...,...,...,NA
South Africa,ZAF,2011,Jan-Dec 2011,Rift Valley fever (Domestic and Wild),NA,NA,NA,NA,bov,NA,NA,Animals,19789,63,58,0,0,0,NA
South Africa,ZAF,2011,Jan-Dec 2011,Rift Valley fever (Domestic and Wild),NA,NA,NA,NA,cap,NA,NA,Animals,8347,327,268,0,0,...,NA
South Africa,ZAF,2011,Jan-Dec 2011,Rift Valley fever (Domestic and Wild),NA,NA,NA,NA,cml,NA,NA,Animals,273,53,53,0,0,...,NA
South Africa,ZAF,2011,Jan-Dec 2011,Rift Valley fever (Domestic and Wild),NA,NA,NA,NA,ovi,NA,NA,Animals,77631,3490,3124,0,0,...,NA
South Africa,ZAF,2011,Jan-Dec 2011,Rift Valley fever (Domestic and Wild),NA,NA,NA,NA,buf,NA,NA,Animals,...,2,2,0,0,...,NA
South Africa,ZAF,2011,Jan-Dec 2011,Rift Valley fever (Domestic and Wild),NA,NA,NA,NA,o/c,NA,NA,Animals,1990,195,119,0,0,...,NA
South Africa,ZAF,2011,Jan-Dec 2011,Rift Valley fever (Domestic and Wild),NA,NA,NA,NA,fau,NA,NA,Animals,16,7,7,0,0,...,NA
South Africa,ZAF,2011,Jan-Dec 2011,Rift Valley fever (Domestic and Wild),NA,NA,NA,NA,lep,NA,NA,Animals,...,1,1,0,0,...,NA
Zimbabwe,ZWE,2009,Jan-Dec 2009,Rift Valley fever (Domestic and Wild),+,...,...,...,NA,NA,NA,Animals,...,...,...,...,...,...,NA
Zimbabwe,ZWE,2010,Jan-Dec 2010,Rift Valley fever (Domestic and Wild),+,NA,...,...,bov,* GSu,NA,Animals,...,...,...,...,...,...,NA
Zimbabwe,ZWE,2010,Jan-Dec 2010,Rift Valley fever (Domestic and Wild),NA,NA,NA,NA,cap,* GSu,NA,Animals,...,...,...,...,...,...,NA
Zimbabwe,ZWE,2010,Jan-Dec 2010,Rift Valley fever (Domestic and Wild),NA,NA,NA,NA,ovi,* GSu,NA,Animals,...,...,...,...,...,...,NA
